{
  "project_info": {
    "project_number": "519677460252",
    "project_id": "cfc-mapas-anabel",
    "storage_bucket": "cfc-mapas-anabel.appspot.com"
  },
  "client": [
    {
      "client_info": {
        "mobilesdk_app_id": "1:519677460252:android:1a0acf45944bc24182c4d9",
        "android_client_info": {
          "package_name": "com.cfc.ejemplo21_firebase"
        }
      },
      "oauth_client": [
        {
          "client_id": "519677460252-80970qcng9ko1hhit82mf51iljgsg96t.apps.googleusercontent.com",
          "client_type": 3
        }
      ],
      "api_key": [
        {
          "current_key": "AIzaSyADEv1C9rDSYy-fx02HrP_OnKPZiN47Ca4"
        }
      ],
      "services": {
        "appinvite_service": {
          "other_platform_oauth_client": [
            {
              "client_id": "519677460252-80970qcng9ko1hhit82mf51iljgsg96t.apps.googleusercontent.com",
              "client_type": 3
            }
          ]
        }
      }
    }
  ],
  "configuration_version": "1"
}